{"properties": [
  {
    "name": "catalog.cjFee",
    "type": "java.lang.String",
    "description": "A description for 'catalog.cjFee'"
  },
  {
    "name": "catalog.ajFee",
    "type": "java.lang.String",
    "description": "A description for 'catalog.ajFee'"
  },
  {
    "name": "catalog.oraFee",
    "type": "java.lang.String",
    "description": "A description for 'catalog.oraFee'"
  },
  {
    "name": "catalog.reactFee",
    "type": "java.lang.String",
    "description": "A description for 'catalog.reactFee'"
  },
  {
    "name": "catalog.spbmsFee",
    "type": "java.lang.String",
    "description": "A description for 'catalog.spbmsFee'"
  },
  {
    "name": "catalog.awsFee",
    "type": "java.lang.String",
    "description": "A description for 'catalog.awsFee'"
  },
  {
    "name": "catalog.devopsFee",
    "type": "java.lang.String",
    "description": "A description for 'catalog.devopsFee'"
  }
]}